id,email,username,password
1,yaubrey0@nature.com,eduham0,iKYyFbU
2,chulk1@chron.com,rblemings1,lei7aZvqsY
3,rgwillyam2@xing.com,omarco2,lpDFxFMw
4,fdavidovits3@photobucket.com,cbrellin3,1zFd8p7G
5,cadamini4@reddit.com,hivannikov4,giIT9DA
6,vgarlick5@unicef.org,bbowater5,veAX1df
7,cyggo6@amazon.com,tjillis6,kAr4HR
8,epidduck7@mozilla.com,wrosson7,dSflxz
9,ishead8@ibm.com,abrodbin8,xvcUyFWIbQt
10,qpargetter9@senate.gov,jcrocken9,PP56xX
11,prewa@nature.com,thaxbiea,DBv8R178GPJC
12,khitzkeb@accuweather.com,mmacinherneyb,wwg9AN
13,jhodintonc@sohu.com,mgibbinsc,apY3SnlfqCaf
14,achecchid@va.gov,rmillmored,of8UwoLys2Nr
15,rsabye@newsvine.com,mwinterbottome,Kr2PVXf8z91
16,dpickwellf@networkadvertising.org,rbottomsf,ioHW5zfkcp9
17,mfranzelinig@stumbleupon.com,lmylesg,G4L8gagSUdbl
18,eshaxbyh@ucsd.edu,cwoollinh,otSb5Vl
19,flaberni@nasa.gov,tgullyesi,40R0Fi9Hay
20,rbuckellj@jalbum.net,wclickj,h9WSoPkam
21,gdudingk@oakley.com,rtremaylek,OxC7OPCgVOuX
22,gickovicil@sina.com.cn,cfriaryl,3DeiiRNf
23,carndellm@example.com,sborzonim,QBbZUo
24,eballantinen@adobe.com,ssnodinn,VBATp9qOWa5
25,nbolvero@cafepress.com,pdunneto,lQfcxABi9T
26,imcdoualp@icq.com,apickthornep,ZgSRBtbKBJ7
27,rsherlawq@washington.edu,rdodingq,dEvNDgNgN
28,mnuttonr@virginia.edu,lwhitemanr,Vc9tySjq0qk3
29,etibbottss@sun.com,acalcuts,JOmHISz
30,kcromblehomet@psu.edu,acuthbertt,xvvUP7JKfao
31,gandriniu@wikispaces.com,babateu,ZgUuaSC3I
32,tloitertonv@microsoft.com,awinningv,UP5sN1n132KJ
33,cfoottitw@about.com,lbaylessw,EOdXvPEfTi
34,lbuzinex@cbc.ca,wschiefersteinx,7X3mLS8
35,dbenezy@macromedia.com,mshepardy,b6qaTxVyp
36,ftolomelliz@unicef.org,elynamz,PDWjUZRp0v0g
37,laisthorpe10@canalblog.com,kcearley10,IMjxKei
38,tboydle11@guardian.co.uk,jelloy11,ecu44FPo
39,rthorburn12@discovery.com,apreuvost12,9pFL3meXUraY
40,gheadington13@mit.edu,utoffolo13,VKDJ7LKe
41,jthys14@princeton.edu,eogrowgane14,9wrmRiR
42,mplummer15@miibeian.gov.cn,ahannon15,z8EH6Kokru
43,dfyfe16@nationalgeographic.com,mkirkebye16,9l8r7eVjrcw
44,jcorbin17@marriott.com,svasovic17,SD8J588AVBCV
45,mvickarman18@bloglines.com,wkellog18,u0d6Mehge
46,dosichev19@discuz.net,bdunk19,jT22e3f
47,vbartlomiejczyk1a@etsy.com,shutt1a,QLXRJUYnB
48,sspire1b@deviantart.com,dherculeson1b,b0f6DTepquP
49,acoupland1c@noaa.gov,jhaysey1c,20F5KVs
50,dosborn1d@creativecommons.org,rbeauman1d,4e74zhl
51,skundt1e@furl.net,tlipgens1e,DhfWWKQL
52,dharcase1f@merriam-webster.com,hfarquhar1f,Gone85n
53,bcuskery1g@china.com.cn,hmccrostie1g,SEXt4SnwdU
54,bpostles1h@foxnews.com,lwellfare1h,ZNmI6So
55,rberriball1i@flickr.com,gteasey1i,zgx5nxVbv
56,hwinsome1j@seattletimes.com,csymper1j,2hMvgXt
57,aruddick1k@epa.gov,rdytham1k,zvRYWGIU9
58,ytollow1l@php.net,fpaulsson1l,BoKBR8WMykJO
59,apawels1m@narod.ru,mpenelli1m,FBfMG887X
60,abaukham1n@altervista.org,elafond1n,GblMsCc5
61,bseamer1o@bigcartel.com,fkiddle1o,BAntvCw3L
62,rohenery1p@nps.gov,bkorba1p,4rynmEK
63,sgrimsdell1q@squidoo.com,ameeus1q,VT9srOs19r
64,cgammell1r@bizjournals.com,kmicheu1r,E3CahmJ
65,dwhitley1s@opensource.org,dverner1s,MudVXKDN07
66,dwayland1t@comcast.net,kmaker1t,d5cFtco
67,rpearcehouse1u@qq.com,fblowers1u,zC07JL
68,spolleye1v@wunderground.com,groche1v,yOod9T7MDv
69,hdellenty1w@ow.ly,imenicomb1w,eTD42CFv1LCv
70,fmatuszkiewicz1x@businessinsider.com,nglawsop1x,BsUOJJ1vZbB
71,uordish1y@intel.com,wvankov1y,Tlf4dQhG4Ja
72,rwoodley1z@wufoo.com,rbatts1z,Fy59ug2gFD
73,gstaddart20@ustream.tv,jdand20,pgfx9MP
74,goverill21@wix.com,bramey21,UAvqRLtc
75,espain22@nih.gov,cdeguise22,N3CSYDmAc9P
76,gstrugnell23@chron.com,mfairnington23,xBDMCiY9G
77,ssaunderson24@diigo.com,aainslie24,jk95MeJa
78,mgrimoldby25@shareasale.com,msporle25,tGwvTYqyckNr
79,karchley26@digg.com,hmacgown26,cfLHBpw8oal
80,bwann27@phoca.cz,mgon27,VvfBhsW
81,wparlour28@furl.net,icreyke28,zvvqZtM1ZW
82,hdeeks29@google.co.uk,nnealand29,kzEIUGboHpB3
83,ikeward2a@merriam-webster.com,aoxbe2a,sjCHPx2Ugqic
84,fshepstone2b@nymag.com,sbrachell2b,WK02W7
85,adominichetti2c@ning.com,dosgarby2c,JgrSSTQr898t
86,caldcorn2d@hibu.com,bharding2d,jA3Gh9
87,rtattersfield2e@wufoo.com,tstanaway2e,dpEFFnKkdsP
88,fshutle2f@google.cn,jgibbings2f,eUwfsrNy0
89,mquilleash2g@europa.eu,ccammidge2g,jEyesKIwHv
90,ctaffe2h@springer.com,adrivers2h,eDKBrnJWx1
91,pwaiting2i@nydailynews.com,ehabbergham2i,ghq6Aq
92,gsagrott2j@mysql.com,nsantoro2j,a1xt3kOHeF
93,opittel2k@eventbrite.com,sguilder2k,EHToslYG1HER
94,framey2l@homestead.com,gpirson2l,Hw0Vgb0hkW
95,nhefford2m@a8.net,iluchetti2m,XA2MCN
96,tcoleborn2n@arizona.edu,ksteinhammer2n,qF7a0rDKSOn
97,nsealey2o@npr.org,ghedman2o,idezJm
98,wlodwick2p@nasa.gov,arobelin2p,ATyWJuAXGd
99,estiegers2q@newyorker.com,aremmer2q,YVnxTe
100,arhodes2r@infoseek.co.jp,acusiter2r,z6Co3I6Z
101,mbacop2s@google.de,ntofpik2s,ZHs3WQnqiH
102,crodrigo2t@photobucket.com,lkegg2t,aHTCQYKA
103,azanetto2u@networkadvertising.org,adowty2u,fgZ4ZZlXn
104,wriha2v@cbsnews.com,dtabb2v,bjVTRmne
105,agajewski2w@bigcartel.com,jhuxton2w,pW65ZB
106,sswetland2x@live.com,gfandrey2x,la8VpdKuPe
107,gmufford2y@google.com.br,bmickelwright2y,PZRcDR7
108,raspling2z@upenn.edu,slorenzo2z,IE30tIo
109,mmcgifford30@cargocollective.com,pculvey30,SLDKzbC3
110,mslowan31@macromedia.com,schoupin31,X56h7fpZ
111,esandifer32@pinterest.com,agaughan32,w1XevG6z
112,lmalacrida33@utexas.edu,nfolbigg33,vZ8rT6YY
113,hkopfer34@boston.com,fconor34,yptHroH8
114,tsalzburger35@e-recht24.de,arijkeseis35,0Ag8OysE
115,dblakes36@jimdo.com,mfernez36,EnFi2g
116,cscanlon37@stumbleupon.com,cpybworth37,dQFurHPJ
117,lprattington38@github.io,xfishleigh38,bV2E1pJnP
118,rfyall39@hao123.com,dfathers39,R8x3vNp4deB
119,shatrick3a@virginia.edu,lbeeck3a,NaGNlRg5
120,mdalesio3b@bing.com,elivoir3b,WsHx9amqQ3rr
121,celcox3c@cnet.com,alaurisch3c,h3gODbduCpW
122,easpinwall3d@dell.com,cspens3d,ZDWYVKoI
123,jvynarde3e@cisco.com,cannear3e,Jb9oHQuAzc
124,froux3f@geocities.com,elowe3f,MnQqsCHgObuv
125,okettlesing3g@apple.com,mcary3g,pIOSz4
126,vbloor3h@taobao.com,rblincowe3h,0DGiwj48Z
127,tsinfield3i@weibo.com,rdarmody3i,gHuj79Z5vFBQ
128,jzorer3j@microsoft.com,ethackeray3j,zWHkGcvN4
129,khuckfield3k@shutterfly.com,dbrezlaw3k,8PmkndD
130,alawerence3l@census.gov,imaidlow3l,IClt820Cf
131,cmorgan3m@dyndns.org,jstetlye3m,OPIig6bwq
132,bchallicombe3n@weebly.com,dhampshaw3n,HS6ePrVvwhf6
133,ptrillo3o@google.fr,froderick3o,I1jBd3
134,wburnip3p@springer.com,dstyle3p,aHgDi6l
135,kbristow3q@4shared.com,brigney3q,967f2q
136,bforbes3r@ucsd.edu,sholtham3r,zFc6fHQ8I6RP
137,kgodar3s@webmd.com,qthurman3s,NOMGgtO8U
138,thannigan3t@noaa.gov,ainsull3t,DcEwk4vlAcLi
139,etuting3u@blog.com,apembridge3u,pSTI4DVF
140,hwolfinger3v@ovh.net,oscramage3v,o66gY1il4f
141,pwolfer3w@angelfire.com,cduthie3w,CSJE9Z216
142,saspinall3x@cnn.com,bbittleson3x,6RV9fvQYda
143,kdanzey3y@topsy.com,cfelip3y,29idULfD
144,jgourlie3z@hud.gov,dbehnecken3z,N7OMIHQ
145,hrays40@webs.com,zgoldingay40,maE7Rez1M
146,ocroson41@deliciousdays.com,tpeasegod41,28K5Qh
147,challsworth42@studiopress.com,cspottiswoode42,Jaxeo5Q7Nb
148,scoast43@gov.uk,wsiddaley43,D4zahty8BN1
149,rclaypool44@slideshare.net,tdendle44,KF55vA0tiP
150,lbaseke45@joomla.org,zledur45,NlTC2p2i
151,klots46@bravesites.com,cdevorill46,hH5iVp
152,cswett47@bravesites.com,zlongfoot47,83wvHC
153,rbretland48@rakuten.co.jp,froggers48,ScYknmk0UpC
154,rreese49@desdev.cn,cvaar49,6DkRSptM8We
155,gskyram4a@google.fr,ibarens4a,kPbzUqgOE
156,jjarrell4b@cdc.gov,tmcphee4b,XbI3wPL01IU
157,josment4c@trellian.com,mbelton4c,F9wdIZ
158,ckevis4d@yellowbook.com,rmurcutt4d,GsiYIGwT
159,ejennions4e@aboutads.info,ccoombs4e,v1IBtzxU
160,acoggles4f@cmu.edu,claite4f,8to8ZWqzgwFc
161,dconlaund4g@wufoo.com,prebert4g,V0nqLE
162,ahatterslay4h@moonfruit.com,kfabri4h,3KUahN
163,gyarwood4i@howstuffworks.com,egianni4i,tW3lp1Tl
164,ljutson4j@epa.gov,cgoulbourn4j,SpG7nrxe
165,vbyne4k@prlog.org,atoal4k,wNggvoZ
166,bbenzi4l@msu.edu,cwickerson4l,uybunsFhD
167,lmartina4m@pinterest.com,lgardiner4m,9PxH4xvCpB7
168,zbagster4n@japanpost.jp,hjandl4n,q9YiLnUB0JXY
169,tskoggings4o@cmu.edu,lmocquer4o,qKuBN0l
170,ctong4p@a8.net,mwingatt4p,p5ruEax
171,clarge4q@prweb.com,adoudny4q,E7v9szv
172,gvashchenko4r@cyberchimps.com,jrollings4r,RA8BFV
173,csparwell4s@salon.com,fgaspar4s,aM8C3c
174,hbyfield4t@comsenz.com,dpopham4t,3XZgr6mC3Mb
175,adellcasa4u@wired.com,hsalman4u,SjoRHOk
176,mwallace4v@narod.ru,cbromell4v,DFgFZ2ldpP
177,ocatterson4w@com.com,dhollingsbee4w,VbNcOy8
178,cvamplers4x@plala.or.jp,ctrewett4x,jWveK7E8
179,ipoluzzi4y@constantcontact.com,eantalffy4y,5IXbFJuzk
180,bende4z@house.gov,bmurtimer4z,12SahBizAktY
181,mmccrainor50@pen.io,oshivell50,7M9ZmG8vwH0
182,blandeg51@berkeley.edu,opryell51,FQPajkV
183,vhandes52@ft.com,ltree52,I56tJDX7wK
184,bbishop53@netscape.com,mbellfield53,aDv4iQz6f2
185,dgarwill54@yelp.com,lcraisford54,u9dNY2if1EyU
186,fgreenough55@berkeley.edu,cjarrard55,vTn0EgU
187,kellington56@cnet.com,lferrarotti56,J0Tdy4
188,mconachie57@google.ca,stwatt57,HbLQ095UL
189,ptiller58@canalblog.com,cwinslade58,RXDm5MyL
190,ldoerrling59@netscape.com,mantwis59,1O3U5lReHzQz
191,kranyelld5a@instagram.com,mgrimsdyke5a,JnrNqA
192,bpennycord5b@marketwatch.com,fsturgess5b,BTtSaImmRrZ
193,ocottell5c@auda.org.au,rlukash5c,c6fgh6eaccZL
194,cbabbs5d@seattletimes.com,lmenham5d,f2Tk0z
195,vbirrel5e@who.int,vmoore5e,QrnRIATcGd0H
196,okenworthy5f@360.cn,arenon5f,aKBBeaQwyEn
197,ecressar5g@ezinearticles.com,woverland5g,SMoeGgl
198,gissac5h@slideshare.net,jcashman5h,8tS0C3BeY5I
199,bwest5i@t-online.de,mhaldene5i,fg2JnRD6BlLu
200,lmacturlough5j@nymag.com,xrapaport5j,IKCo1VCvbxnd
201,gshalliker5k@cnet.com,cfielder5k,bVwd9oTnX
202,hcerie5l@google.ru,jjohn5l,0Mullrb5
203,pdibb5m@telegraph.co.uk,sbrasener5m,NQ7LUa
204,mborless5n@tripod.com,btavinor5n,jcS9UgO
205,vferriman5o@intel.com,cgowrich5o,ihUBvg
206,gbraden5p@bing.com,anisen5p,z4B9pBAq
207,jseary5q@oakley.com,ddecarlo5q,CNwKpL2
208,tdomaschke5r@reuters.com,rloncaster5r,TL3mB7OU
209,gyarnton5s@liveinternet.ru,ksnaith5s,dKwSqUI8JO
210,kstranger5t@nifty.com,dmclelland5t,3PHogJZdzi
211,rbarensen5u@ftc.gov,srubbens5u,rKSiy5
212,fstopper5v@pinterest.com,jhazart5v,obe85uNtcgQz
213,avogl5w@rambler.ru,vfenny5w,xXfOWyt3f03
214,bcorbally5x@twitpic.com,dhoodspeth5x,0qPKkjm
215,kreen5y@xinhuanet.com,mmerigon5y,rItDa7LE
216,acotsford5z@comsenz.com,kgratland5z,Gps4j9
217,hcalifornia60@moonfruit.com,whalling60,BCywY0i
218,lknappitt61@elegantthemes.com,jparcall61,pyMLMID
219,mhuson62@sohu.com,grastall62,B0BEvYY5Qv
220,erospars63@histats.com,hmarjot63,KfWl6sYHK
221,fminty64@webs.com,orenish64,42VtR6
222,leilers65@nationalgeographic.com,oriding65,sJb2Qh
223,hsouster66@mozilla.org,cattrie66,Vn65hoXHyJCE
224,sshevels67@vk.com,wtruman67,E3L0VD
225,ahowson68@auda.org.au,eblankley68,Imwkc5iOc4
226,ekeningham69@tinyurl.com,bboggs69,zHwJUB6Sb7MT
227,fpurser6a@buzzfeed.com,gkrolman6a,IeR8Zw07Xr
228,gmaccumiskey6b@desdev.cn,ksirr6b,kE9TafNvm
229,cfrigot6c@utexas.edu,hhirche6c,p2GTQjl8
230,oroze6d@w3.org,rnarey6d,zc4G5oQXL
231,kwynes6e@europa.eu,mbiesty6e,cVkgMtc2Q
232,sstanwix6f@t-online.de,afasson6f,D1Jw0bgJmih9
233,ddockery6g@1688.com,shuxter6g,ajy9ywUISXxW
234,wletts6h@plala.or.jp,dglaisner6h,Sgjwq4piOfUG
235,psyalvester6i@bandcamp.com,bscolli6i,skls9QympTo
236,mdallman6j@wired.com,vkneaphsey6j,RoLI7Sa2q
237,agoldstraw6k@dailymail.co.uk,tgazey6k,ojfY7Cw
238,hravilious6l@businessinsider.com,mdewen6l,8ItPfnE
239,jmcclaurie6m@plala.or.jp,abougourd6m,6vIMJiD46F
240,sskocroft6n@chronoengine.com,rsreenan6n,ymW1ZUt9dpa
241,sbearward6o@nbcnews.com,ahows6o,HIXFe8pHwc
242,ochalice6p@drupal.org,ewinear6p,LpKpSxCEIuI
243,rbrewis6q@rakuten.co.jp,oninnoli6q,znAmfb
244,fruddiman6r@answers.com,chaselden6r,z6p6WB31g
245,ecamblin6s@woothemes.com,tstiggers6s,g3mQU1T
246,jsturdgess6t@usgs.gov,cshapera6t,mKyLmr15oAmM
247,ewingar6u@state.tx.us,rmapham6u,At9LyePWiDN1
248,cdevonshire6v@zimbio.com,etunn6v,sYjzGDl8E
249,dratke6w@dailymail.co.uk,cgalbraeth6w,DE10Smihmwpu
250,glooks6x@cpanel.net,fsedgeworth6x,4QQVw6ojwnz
251,mjandourek6y@abc.net.au,hdumbarton6y,S9qlsdNUX
252,kclingoe6z@wired.com,usteel6z,YqfnT5pWQuu
253,kcrooke70@auda.org.au,skaman70,SHMHPG
254,npatry71@cisco.com,mhansford71,OsKWUtzg3Hq
255,mrawsthorn72@devhub.com,cbrusby72,WkZPVX8
256,mlangtree73@live.com,fbarti73,Y8WrG5jIUpl
257,dgobourn74@1688.com,lblackstone74,PUokikxsK
258,krockcliffe75@wisc.edu,ypundy75,Lm1DNtsy3fgj
259,sannets76@blogspot.com,gcolombier76,DfXFj2q9H
260,evonhagt77@newyorker.com,wroughan77,51lMcWXv
261,ngyrgorwicx78@twitter.com,vdawid78,jfqD0ZK
262,rransley79@fastcompany.com,scotterell79,zzF9nl
263,dlynock7a@miitbeian.gov.cn,bnern7a,JkDls4QWSiZQ
264,sranyelld7b@comsenz.com,ilynam7b,OCqwkZV5
265,mwogdon7c@sun.com,tmillican7c,iUC3tWC
266,eallner7d@nifty.com,achristofe7d,h53i6Fj
267,gsaxelby7e@liveinternet.ru,emackelworth7e,0HnzynPy9W2
268,atarbett7f@photobucket.com,awilman7f,lwQXz2ETJd
269,criccardini7g@adobe.com,dcescon7g,uiBy2y1a
270,crochford7h@time.com,gkehri7h,AxkAVhuv
271,bstebbings7i@ezinearticles.com,cambrogelli7i,Quy9NiEH
272,kkembry7j@geocities.com,cgarland7j,YPMVesDaTDG
273,lskerritt7k@fotki.com,cvasser7k,rbGBZn0g
274,fjelliman7l@reuters.com,bnys7l,fiQo8KtlY
275,kbaptista7m@cdbaby.com,omaylin7m,LIbHhRWJgS
276,mbools7n@hatena.ne.jp,erable7n,ARl0gfGsdaw
277,hpressdee7o@ebay.com,gmorde7o,w6uPnL
278,rmotto7p@last.fm,eelie7p,Cc5TYm62gvVs
279,sellerton7q@typepad.com,gmelson7q,RZMyZPWLdSU
280,aglew7r@networksolutions.com,wblose7r,z82FTDww07v
281,mtreher7s@studiopress.com,vlansdown7s,K5A08Vj
282,vranyell7t@wikia.com,cedie7t,tIyGPn
283,csimonaitis7u@netlog.com,mtrythall7u,7WoyihFDyn
284,cderrick7v@slate.com,gpedrocchi7v,9dbIpq
285,esahnow7w@devhub.com,mwalford7w,PU9Xwrhq
286,ctrownson7x@flavors.me,ajeandeau7x,kQEVwEXiht
287,mgreenhow7y@usda.gov,sscardifield7y,wXb9lTST6O4x
288,vkulvear7z@mac.com,eramet7z,5B7nc5RBuc
289,mbrearty80@list-manage.com,eelecum80,jAbQJqr
290,adoylend81@usatoday.com,mcalderon81,HCuRnNOvRWW
291,adishmon82@photobucket.com,roldershaw82,DfZgqn09SS2
292,smenghi83@accuweather.com,bwallage83,3ucizDQR
293,dniles84@yellowbook.com,whaslen84,ux8uJvWPv
294,rmoakes85@t-online.de,gdelabarre85,x1InobtOPlCh
295,lcoverlyn86@reddit.com,tabbets86,8LCL6x
296,kcubley87@dailymail.co.uk,mscutter87,chCC5aBfyETc
297,dcaret88@yelp.com,bkearford88,jw8G5w
298,lfilisov89@diigo.com,mmetts89,bW16G8GB
299,ddenney8a@eventbrite.com,jcollingwood8a,EtuEMD
300,tvenning8b@sitemeter.com,lphilliphs8b,MsMBcs9xGPg
301,swield8c@com.com,mcodling8c,mMiirzvn9
302,rdubber8d@rakuten.co.jp,lhanshawe8d,CpyzkQ0P
303,cfordy8e@issuu.com,chelsby8e,uldcyT
304,dinnerstone8f@fc2.com,lbeades8f,YdUTdwLp
305,lsolly8g@ask.com,tburke8g,9V6cDX
306,npaal8h@dailymail.co.uk,rpynner8h,inwAOW2MrS
307,wtatterton8i@feedburner.com,arout8i,1OeMuW34
308,abonus8j@pagesperso-orange.fr,kmerritt8j,z5tbrN
309,fhopewell8k@discovery.com,vsaffell8k,cukRes
310,dorafferty8l@telegraph.co.uk,cparradine8l,l0Wq5Z76PJ
311,jodom8m@latimes.com,lkirsche8m,C3vtGNSGdH
312,msevery8n@bluehost.com,hcheley8n,JSTSI13QR
313,ymcalinion8o@home.pl,mbirkmyr8o,J1pRPF
314,lmoryson8p@ameblo.jp,swoolaston8p,EL4tDOh1k
315,ncalvard8q@miibeian.gov.cn,fchurch8q,6knMGfHGf3R
316,dlown8r@imgur.com,mclemanceau8r,IyU076SSH
317,kgrayley8s@gov.uk,bsanthouse8s,jZnDhiTXi
318,bmclice8t@latimes.com,ffforde8t,itU58tbyGHn
319,tfrapwell8u@icq.com,htod8u,nNAFGMmFmX8I
320,fgasson8v@foxnews.com,rwhitnell8v,F75bUl
321,rfortesquieu8w@simplemachines.org,cgrimwood8w,uxBDqVnSRx
322,achampken8x@taobao.com,wrandall8x,uk8NHVtnB6
323,tfitkin8y@ovh.net,oquene8y,lRiZTU6
324,atoffaloni8z@skype.com,bskipsea8z,rcNZGtm56RW
325,ktruin90@senate.gov,agarie90,JX4gTL0Jzn5n
326,vray91@live.com,syarker91,0MgdD4IE84i
327,fchampney92@who.int,bsemeniuk92,Op4IeW
328,scone93@intel.com,aoheaney93,50fKstmsAlZ6
329,ggilfillan94@spiegel.de,kchoulerton94,LjHJLXVp
330,cidell95@yellowpages.com,zjozsa95,NMWEz0iXTN
331,pproby96@csmonitor.com,jphilippeaux96,rXh5Q8
332,ggillon97@photobucket.com,smcharg97,JRPR4r
333,wdevo98@parallels.com,tmcgaughie98,K6t7T2P
334,rsawden99@discovery.com,smcgeoch99,r2I35FIPBF
335,dinnwood9a@businessinsider.com,tlehrahan9a,udG01ajr25k
336,esumpner9b@bigcartel.com,gbook9b,aOnFamND
337,dfearick9c@example.com,skenson9c,81c6ZYkbl44
338,eaucourte9d@hc360.com,kwrate9d,lBUQ1cXC
339,lbemrose9e@smh.com.au,wmcginty9e,wYpKkwsZ
340,gbill9f@sciencedaily.com,osellner9f,Ssa21psw5
341,pdelf9g@hubpages.com,afallow9g,IuvSDOyQ
342,mteideman9h@comcast.net,rknifton9h,FyKb6t
343,tpistol9i@cbsnews.com,tdevigne9i,7cnG7dJX
344,sduddridge9j@sourceforge.net,erivenzon9j,UjM5TodXZ
345,dcroft9k@joomla.org,ealpine9k,lZ4OseFRZI93
346,kkauschke9l@wufoo.com,ggumey9l,CAwpcF
347,mfidgett9m@tuttocitta.it,bwarwick9m,OVgnpWfxz
348,abartlomiej9n@kickstarter.com,smarzella9n,tw9WPfoUKc9
349,orosendall9o@tmall.com,apostles9o,GTO3LHA
350,lbuncombe9p@newsvine.com,cwiddowfield9p,X49MRDjx9Z
351,nabramin9q@statcounter.com,abortolozzi9q,qZXaQiN
352,ttatershall9r@sbwire.com,bhonack9r,MskwwzA3
353,jdismore9s@odnoklassniki.ru,dabbess9s,XsOgdJ
354,crubinovici9t@altervista.org,mmattingson9t,8IibFR
355,hstocker9u@cargocollective.com,wradoux9u,pX70MKPVjEW
356,rscrammage9v@skype.com,cblune9v,Wyag2nTB0YS
357,tjurczik9w@google.com.br,spatsall9w,x6A6z5rtGQgm
358,clarrad9x@wp.com,ejerdan9x,Az0pqB
359,eroullier9y@domainmarket.com,vkett9y,EoSqQR
360,nruger9z@army.mil,mbonaire9z,flWGsJn
361,ehillinga0@ed.gov,mferedaya0,UJafwVyH9f
362,torvissa1@newsvine.com,bskasea1,jAGrbA3Xt
363,dawina2@yahoo.com,edoggarta2,hzaEU43SR
364,fdickensa3@vkontakte.ru,mlogana3,IIJ9r1BVv
365,thegdonnea4@nhs.uk,lgemellia4,5AGiCg
366,emaccullocha5@loc.gov,jmorffewa5,zloK9tq
367,ldarnborougha6@netvibes.com,dricha6,tElgleovnkI
368,hpoteburya7@elegantthemes.com,lkennlera7,djOiCJNTT1
369,ccorbridgea8@time.com,ldeathridgea8,UfWiYuXHsty
370,emonnellya9@domainmarket.com,gfranksa9,nzWhMt
371,atobinaa@auda.org.au,asongeraa,j1EFmsMzxqb
372,lguerriab@yahoo.com,adinwoodieab,xEHG8tU3OcyI
373,obelhamac@elpais.com,mcaseac,u618hBaieJF
374,akynndad@cam.ac.uk,bsciussciettoad,YqgUFHL8rWn
375,fbigmoreae@archive.org,skeysae,iR2eJhJ
376,rthowaf@narod.ru,mbartellaf,RebxPqcrn
377,lkingstneag@meetup.com,cbuckieag,cJlxNpMN8V
378,dstubbinsah@weather.com,rroundingah,ZbPXNf
379,gpopleyai@comsenz.com,rwellandai,IfXnfXU
380,dmacdaidaj@stumbleupon.com,lcroninaj,QqzU4sNj
381,mplacidiak@ibm.com,lwellandak,nd0Zw84RrxO
382,jterrellal@mail.ru,dgrelakal,DOOJvdM6
383,jtorrieam@cmu.edu,lcoverdillam,AySUhaATtSD
384,mlouedeyan@uol.com.br,thaddestonan,ZWFXbm8Vj
385,csharplyao@purevolume.com,cgrutchfieldao,MHAzgFX
386,msaywardap@cbsnews.com,dmavinap,FvOK0Zv7XjQY
387,vowensaq@biblegateway.com,ntolworthaq,6HetD0A
388,jpettsar@google.cn,awippermannar,jbtIco7Cvh7
389,ibaudouas@princeton.edu,aeyresas,ZfCfTUkt7mmk
390,jhushat@ft.com,jdannelat,b0l5zNhi
391,cbrownriggau@sogou.com,dzambonau,2hhZ6D
392,bmccombeav@hud.gov,pwallisav,Cu3LnZ7
393,thowlingaw@howstuffworks.com,agiffonaw,cxibKS
394,cgullamax@shareasale.com,gsnalomax,esmkVRRhVGA
395,wwraithay@gizmodo.com,ablissittay,qjL2wARD
396,cmumbersonaz@de.vu,wfreeburnaz,OYwnooXkqG
397,sblackaterb0@google.cn,jmillsonb0,hMfgHIaEaU
398,elambellb1@icq.com,lhinstockb1,Un7qqDR
399,wlaidlerb2@narod.ru,mmelhuishb2,CRiyjgtfPs
400,cspreullb3@cdc.gov,cstuddb3,1FpWeORUyaF
401,utenderb4@cbc.ca,bbighamb4,NnH6Fs
402,cpenniallb5@wisc.edu,spindredb5,sSYaFel62eM
403,lhariotb6@amazon.com,cpragnellb6,AT6dUNkNSg4Q
404,ebooelnb7@nbcnews.com,aaspleb7,I5jHgoVUpxz3
405,corteub8@cnn.com,rmiltonb8,F0Yk76KG2
406,isansburyb9@facebook.com,jphillpsb9,0q0vo4gj5c1
407,fjerschba@liveinternet.ru,ncowperba,LANi6ers
408,villwellbb@google.it,hmussolinibb,z8CiC7sovN
409,bgehrelsbc@google.de,bkeaysellbc,ZyxLRli
410,gpricebd@opera.com,cdendlebd,ErGaD7KB8zG
411,ededenhambe@state.gov,bstraunbe,Mr5D1umsa
412,hpiwallbf@cocolog-nifty.com,cdurrettbf,PowCxb8zGx
413,fyanshonokbg@people.com.cn,jbeabybg,FtYuMHp5J
414,aagettbh@elegantthemes.com,dmoricanbh,dY4Z2qObEGr
415,pbreedybi@hibu.com,ppaquetbi,v3uw9ufei
416,gbrandbj@howstuffworks.com,npatriebj,E3ofpsA6y
417,jtesterbk@ucoz.com,akilbournebk,ZVcMIP
418,olarchierebl@prweb.com,alarretbl,jcMBNPcwCVk
419,chumberstonebm@harvard.edu,sofarrellbm,rSR1KsxquK7
420,mrobottombn@rediff.com,rbaudonebn,TN9t4fYK
421,gdegoebo@privacy.gov.au,gcumpstybo,tw0JrM2CQP
422,ebasdenbp@angelfire.com,mcossonbp,hdWgFZM2h
423,eostbq@globo.com,gclearebq,4H9OcgBmhF
424,adezamorabr@merriam-webster.com,cpolibr,Nv7VYTfKNzn
425,bketteringhambs@cisco.com,thileybs,XgiDFP0
426,dpefferbt@chronoengine.com,hchessorbt,KyFcscze
427,civashnyovbu@comcast.net,mfoortbu,COYkcYJS
428,gbenoitonbv@jimdo.com,gfazackerleybv,EY9Q9hgFK
429,esnassellbw@sitemeter.com,pjimsonbw,lU6fNeeI
430,fcambellbx@over-blog.com,vneevesbx,AJO7SQEgs
431,aallomby@bloglovin.com,jhourihaneby,Oz8HnR4nD27
432,mabbabz@virginia.edu,agaugebz,O6OV9HTV
433,hcumberpatchc0@dmoz.org,mmabbec0,ipkS9243Gdb4
434,wstuchburyc1@tamu.edu,smarousekc1,fnahzkjtDeL
435,wbenoeyc2@soup.io,mmonteithc2,jMHW0qytz
436,dmeddickc3@delicious.com,ebraynec3,zB2zqu7Af
437,clamiec4@godaddy.com,bferrilloc4,rdPB0xUpk
438,wtivnanc5@dell.com,churichec5,Hzgp5hLv
439,dpepinc6@ihg.com,smatushevitzc6,juRN2whT
440,asallyc7@google.com,ctregidoc7,Apz0k897nu
441,gnewbeginc8@rediff.com,mdunlopc8,CAGguKEBCn
442,piveyc9@clickbank.net,jharrildc9,1e2CU0
443,acorkca@360.cn,pgrimsditchca,ip2X7n
444,vbriscamcb@alexa.com,jwottoncb,U59qEYf6F3K
445,cspurretcc@soup.io,fbulbeckcc,8FGSHS7
446,ewalsomcd@skype.com,nextalcd,fn4mSZp208Oa
447,phannafordce@amazonaws.com,mbraywoodce,Mj9Wr66U
448,mhurticcf@admin.ch,krainfordcf,6oVC6rLu4
449,lswattoncg@dyndns.org,fpignycg,6yNAoL
450,kclaibournch@gravatar.com,cthulbornch,d74PqQNkLl9
451,dclowsleyci@mayoclinic.com,epedrazzici,cAPk9hkest
452,gshipperbottomcj@opensource.org,blampetcj,YZgFWtmrmeX
453,ktoraldck@telegraph.co.uk,fshambrookck,FuqAcqGl7
454,cdegregariocl@1688.com,ekingslycl,KncyaS16La
455,eegglecm@samsung.com,sdonaticm,QJD3Yt3Q7B9
456,icramptoncn@senate.gov,dsprigingscn,zGQyrsfj
457,odeneveco@bluehost.com,greditco,SaJ3wai
458,ugadmancp@cdbaby.com,bmckallcp,8FeqpbUKL
459,mtunstallcq@artisteer.com,sdorrinscq,P1Ixw5WwW9d2
460,dbrambleycr@printfriendly.com,blidgelycr,uDADNa8cNC
461,cinglescs@blogtalkradio.com,dpirriecs,vqSkgKF19Tk
462,cfarrinct@nps.gov,dwillgoosect,N3p5kJ
463,qdelloydcu@virginia.edu,cquarrellcu,aAzc6uQs
464,mzupacv@sfgate.com,gfilshincv,Ja7asy
465,omcclaughlincw@stumbleupon.com,dpaddycw,eznIps
466,mbriskercx@ucoz.ru,cgallifordcx,qdQE8As9zEO
467,rlanyoncy@boston.com,mbramhallcy,tyRPsPcICe3v
468,rkrzyzaniakcz@dailymotion.com,ctrottercz,qCd8A0j59f4E
469,mtesoed0@slideshare.net,tkubyszekd0,ZRYSRl4UlDGL
470,bstangod1@gmpg.org,tgiannazzod1,lgu0aYFf
471,dpached2@friendfeed.com,sbehrd2,UELKyS
472,dpuntd3@craigslist.org,esayced3,VXf2bd
473,abathowd4@infoseek.co.jp,msalleryd4,KXi6r56f5q
474,mdenned5@sogou.com,mheintzed5,BuFq8SQN0D
475,anised6@usgs.gov,lakhurstd6,znmxhevkB
476,cdebischofd7@tiny.cc,aschruurd7,rb2TtDy
477,dscheffeld8@chicagotribune.com,hrollinsond8,Qmz6uRVhJF
478,fhebardd9@gmpg.org,llergand9,odYaD7m05m5p
479,pmacareeda@va.gov,rwhearda,jGosWTQxThX
480,lpaladinidb@ovh.net,tbumpassdb,fpfagbrk1yot
481,abooydc@github.com,egerreddc,EYece0
482,loverydd@dion.ne.jp,tgummorydd,MjIhJ9vx
483,eravelde@bigcartel.com,vyouingsde,AAnE8O72xCT
484,klatteydf@irs.gov,tshuxsmithdf,8AsjyBuIKh
485,adanbyedg@tinypic.com,hbenbowdg,O5EfRb
486,ebahikedh@facebook.com,kheightondh,r7UWbDjp
487,ffintophdi@jimdo.com,rdanigeldi,36A0JrWmksAl
488,trigmanddj@issuu.com,cyoxalldj,qaggF2Ox6frv
489,eweathersdk@yahoo.co.jp,tdosdelldk,V4ZdYh
490,ncritcharddl@edublogs.org,lohallagandl,u93fuS4C3J
491,cgladechedm@arizona.edu,dchartredm,yfeqCsWJmbX
492,cleadbitterdn@acquirethisname.com,gchallenerdn,MwowuLOCs
493,jchesselldo@alexa.com,adigbydo,OHen4lB
494,browattdp@bbc.co.uk,lofinandp,2lINYoKfNsQq
495,bdevaendq@cargocollective.com,vhowiedq,n26rbMPEc
496,posmintdr@addthis.com,hdykedr,p1S2Azyw
497,ggivends@irs.gov,ringsds,x7GNsjY6xFS
498,fstuddt@blinklist.com,mmcinerneydt,KHicI8hiCZ
499,ayounghusbanddu@1688.com,chellwingdu,s8nl6G
500,spellewdv@dmoz.org,jfreebornedv,MRi31R4F
501,swymandw@xing.com,acasteldw,hVGpxBWM
502,cworpoledx@nature.com,jkenderdx,tFx9Bx
503,dsendsdy@so-net.ne.jp,dzukiermandy,DprlB5q
504,ncastagnonedz@nature.com,avonderdelldz,4VOlw0tH
505,ndixiee0@goo.ne.jp,sabrahamssone0,0A1V0e
506,pbawlee1@tiny.cc,ddirande1,MfqCsRs
507,lgoakese2@uiuc.edu,oboonee2,M6acCp
508,dcaustice3@123-reg.co.uk,amcsporone3,PdqUl7
509,cnannonie4@fda.gov,mloddene4,JfINZU2n
510,cdevineye5@latimes.com,twollrauche5,lmRxsmGt7K
511,adolphine6@goodreads.com,jcakee6,9XHwwXSlsc2
512,vhorrigane7@ehow.com,spilkingtone7,aoQoRJ
513,sduckfielde8@vk.com,jborgesioe8,l8t3990wZH
514,wchopye9@imageshack.us,kgaishe9,cwppQ3WBW
515,dmcfadeea@businessinsider.com,jduggaryea,d3WmAHhgFOW
516,mferrettinieb@techcrunch.com,pvickorseb,Vaze8GB
517,grippingec@mozilla.org,aratcliffeec,JO9TAgiO
518,sbletchered@unc.edu,chowletted,KTBT9q2
519,qaveriesee@is.gd,bhambersee,vrjMLkcOspvD
520,jluceef@yellowpages.com,askeenef,i1zPaxpKQ3
521,mkarpeeveg@qq.com,vemsoneg,tZbBXBf
522,beverileh@list-manage.com,ysprosoneh,GGH8RSg
523,mgraylingei@npr.org,emorgansei,hVlcheJyQ89
524,hbernetej@wiley.com,jannableej,1jCDU1u9R
525,fstorerek@acquirethisname.com,vdummettek,Lc69ncqSgd
526,bdecruceel@webs.com,bweissel,5wyhVhhAxpYb
527,kaindriuem@house.gov,plabouneem,bJmRzSFhUgUB
528,rweatherdonen@si.edu,tpetrolen,oDptVOmxcOa
529,tmacheneo@aol.com,mklyneo,emftEKx
530,gboasep@freewebs.com,afrantsevep,qh5uZwF
531,dblaydoneq@drupal.org,bnuttyeq,I4RzHXAhFi
532,akerkhamer@imdb.com,oglaveser,8O4Ppg
533,kfeneches@sphinn.com,kbroaderes,4QoWBJlOFvp2
534,hodulchontaet@yellowpages.com,jpierseet,a42NThBqhtnH
535,idodmaneu@netscape.com,pkneveteu,tVLISyndKZT
536,bshackleev@studiopress.com,jpicotev,PUpwQXq
537,sbignalew@illinois.edu,ejodlkowskiew,uYd9GcWwIL
538,tdarnboroughex@liveinternet.ru,abrentonex,XuF3Vgkm9
539,iealdeney@dyndns.org,jalvaroey,pGZe8ue
540,cekkelez@businessweek.com,jfeatherstonhaughez,AoboDrp
541,leamesf0@amazon.co.uk,kziehmsf0,MUj0jSU
542,cstyanf1@myspace.com,eknowllerf1,yaB7bDyBFrU
543,cbancroftf2@bandcamp.com,mhaylockf2,nTrZo5FzC
544,gdumingosf3@e-recht24.de,qcaslettf3,JpPUlAJS
545,skinghornf4@ning.com,askonesf4,Wdsdgy4UWAV
546,lmillmoref5@freewebs.com,alejeunef5,29oZEa
547,aboastf6@amazon.co.uk,agrattonf6,plsCP6R6G6sO
548,phateleyf7@washingtonpost.com,kroystef7,V8gk8Vo0p
549,nfreenf8@hc360.com,rbriteef8,IYe6jNPuXv
550,crouthornf9@weebly.com,bgeeritsf9,usCjRk2M3S3
551,crudlofffa@ted.com,sgrenfellfa,m6QXrkJJxV
552,dcarlonefb@pcworld.com,sgreenstreetfb,Ngzv9Ygzfl
553,nlamberthfc@psu.edu,ttilbeyfc,T6wSXoDD
554,mokeshottfd@weibo.com,hmoylerfd,x0ZWYVDMUM4
555,igriniovfe@sina.com.cn,aheathfieldfe,1IbQjuVMq
556,alacosteff@discuz.net,etitmusff,SAhSM29NnYq
557,spetscheltfg@seesaa.net,ajennensfg,ERrNw9
558,llabrofh@timesonline.co.uk,adrohunfh,81yy5WlL3G
559,astepneyfi@narod.ru,cdanielssonfi,ZWuvLNBchOT
560,dabraminfj@liveinternet.ru,ofleafj,mk5KeNDqQd
561,sogerfk@etsy.com,fleyesfk,7ZQmPs61Sg
562,krosinafl@cargocollective.com,bkollaschekfl,nW8Pd27io
563,mpirouetfm@trellian.com,yconkeyfm,6yyNfB1
564,mjenickefn@umich.edu,lokeevanfn,XzID71NgmEq
565,wthurlingfo@edublogs.org,jwavellfo,7B5wjcZf
566,twhitfieldfp@bbc.co.uk,seleyfp,MOpJLiRdWvJF
567,jmorinfq@geocities.com,dhubbockfq,GD5rJl
568,hdaelfr@aol.com,dhammfr,fC2c0N
569,dorhtmannfs@miitbeian.gov.cn,iwoodruffefs,tRYvdM
570,bdebrokeft@drupal.org,langoveft,5w89sKH
571,asheardsfu@purevolume.com,cgianneschifu,5D4I6W
572,wivashechkinfv@ihg.com,dbrackenfv,GXTld2
573,broggerfw@desdev.cn,amowattfw,5aAPCN
574,bcolqueranfx@msu.edu,dgathwaitefx,3aR8pn
575,lgoughfy@dion.ne.jp,vbailissfy,7huCnHpg
576,jsolowayfz@nih.gov,omillionfz,r71jNsi
577,ppervoeg0@newyorker.com,acolloffg0,j0GgGL
578,hclunang1@macromedia.com,mmcclymontg1,V0OOxjQKfror
579,lmclaeg2@discuz.net,hfaulknerg2,G0GKtbRQdkCz
580,ashurrocksg3@nba.com,kscrubyg3,13Pt1BQ
581,csphinxeg4@instagram.com,bhalmking4,VoSM9Ls
582,clarcherg5@desdev.cn,nstauntong5,i9mxJKIM
583,cthatcherg6@theglobeandmail.com,tturpieg6,p7MbvCbFjIy0
584,dbrickettg7@senate.gov,csybeg7,xqVJSwptbtI
585,lduferg8@jiathis.com,gmaciociag8,sbIC9p
586,kalpg9@vinaora.com,cjurasekg9,9KMB1j16LQSi
587,awattersonga@g.co,khedauga,ylzcdL
588,lingremgb@answers.com,jlammasgb,ClKNhC2hS8
589,oervinegc@last.fm,lespaderogc,Ijr0NZ
590,bmayougd@sun.com,mbelzgd,WQCSBwu
591,agutowskige@geocities.com,dleflemingge,W2Hc3Zrc25bu
592,tpatygf@dyndns.org,amaskelynegf,zT4I1zez
593,groloffgg@seattletimes.com,dberriballgg,1G5JBi1aA88
594,erumminsgh@squidoo.com,dpeffergh,oyzU3foiQY
595,fgodmargi@cornell.edu,smcinallygi,XhPt4JkKjX1p
596,rkleinlerergj@lulu.com,ckindleygj,01oY0yrBkjdt
597,bdanetgk@edublogs.org,jsandfordgk,v9Irm1r9kMT2
598,jnugentgl@nih.gov,sbolinogl,rqv3VoLkd
599,pcretneygm@wordpress.org,jspitellgm,BDRTBFsZdDTT
600,malugn@nydailynews.com,lcuddongn,t3utTIeykLT
601,otuckwellgo@squidoo.com,msnowgo,uNw8VzX2
602,hpieronigp@sphinn.com,mharradgp,9OG9bQu
603,rvallintinegq@drupal.org,tskeermorgq,dyt53OxD
604,wvernazzagr@bing.com,mdeigr,ARp2Ryjwl0Q
605,ggleavesgs@reverbnation.com,lchandlargs,BaMDrsHLR
606,apursglovegt@google.it,rgouldthorpgt,G1hfPzTst1tK
607,crathbonegu@angelfire.com,bdigggu,ZzgR9S
608,gbacopgv@howstuffworks.com,mnewisgv,mH0Mm5o8
609,svoycegw@cbc.ca,ljeangw,GNZt8fGoG
610,mfairleighgx@archive.org,nkermodegx,WyMzR1FJbV
611,ccartmillgy@4shared.com,vtantegy,AqyQH5sfS8
612,lfrancescucciogz@slate.com,eeilhersengz,TzUTrRVLyR
613,anilesh0@vistaprint.com,ccharloth0,96uaJQ7riCW
614,adeambrosish1@marriott.com,clestorh1,JfIk9CE
615,dsnaselh2@sun.com,mjouhningh2,R7ICqLVylb
616,vrichardh3@patch.com,ramysh3,PAusYKvB2Ru3
617,lboydellh4@vimeo.com,dadolphineh4,OzpO9fEQu
618,cdeluciah5@canalblog.com,wabramoviczh5,5yoH0kZ
619,bhemberyh6@fastcompany.com,mpeeblesh6,wN9x53C
620,crandalstonh7@elegantthemes.com,erosbergh7,PCIDJ0Gc
621,ngaukrogerh8@com.com,lbatemanh8,SpjIBLPjW
622,mmatthish9@is.gd,gwaitingh9,6w4VIoEPB
623,bshuggha@ezinearticles.com,gchatanha,hnsQhWyErn
624,crisbridgerhb@comsenz.com,mmilleahb,AcDp9ns0ASRG
625,oewensonhc@wired.com,lfairbardhc,CCSUPjyWen
626,reveresthd@imgur.com,mneubigginghd,80shsN
627,lmcgillacoellhe@tiny.cc,dmacenzyhe,h9mkBUir
628,ethakehf@bigcartel.com,cfittishf,6Nz1DEW
629,idwelleyhg@aboutads.info,cwaistellhg,3cRXIDkgPtP
630,dudallhh@51.la,kmcguinleyhh,PWnnmq
631,gbearsmorehi@clickbank.net,mjordonhi,pQ5FlRcG
632,moclovanhj@baidu.com,mgreastyhj,9tTu8mf0rVd
633,aivchenkohk@nbcnews.com,mmcpakehk,ac2374L
634,slesterhl@ted.com,kdemageardhl,SC1edCC81m
635,kstearndalehm@yolasite.com,abarringtonhm,euCkEEGDG8Y
636,mlarchierhn@artisteer.com,rturgoosehn,B5Aw4buzq
637,sberringtonho@discovery.com,ghallowsho,cOx37UtVVk
638,rjeffresshp@jigsy.com,cmatyushonokhp,WJgViks3N
639,mburdikinhq@yellowpages.com,mtodmanhq,yBNlbeS
640,rmallonhr@shop-pro.jp,rbillyardhr,RqTBRs3Zx
641,tmullalyhs@whitehouse.gov,jaldenhs,TMHEOSEAVPP6
642,lglasermanht@sbwire.com,sdenersht,Ek9h6uscY
643,mtrevaskushu@nsw.gov.au,kcampionhu,4g1uXbAsMLUg
644,eanstishv@foxnews.com,hcuerhv,yjnMwm
645,vsharramhw@census.gov,kkaremanhw,kDcbHFK
646,aautriehx@seesaa.net,mnewcombehx,yOvLH45
647,lwaitonhy@marriott.com,dvandrillhy,5H2RfO2im
648,rsimcoehz@dion.ne.jp,tworsfieldhz,ZXIjPj5
649,ajefferiesi0@usatoday.com,dcayeti0,x87d2E
650,knevetti1@alexa.com,dpickoveri1,z7QRtMb9uW
651,tpantridgei2@deviantart.com,relcouxi2,gMZUJupMv
652,rmencii3@ameblo.jp,agronowei3,NqAXYcXFNV9
653,acumoi4@cocolog-nifty.com,cgolbourni4,a8vnOOjXv4d2
654,mmoquini5@hostgator.com,hmckeneyi5,CXHVSkJlMs4
655,tkwietaki6@soundcloud.com,lcranagei6,FdaQvR
656,chargrevesi7@seattletimes.com,cshardi7,vXVZbJ3vM
657,iokuddyhyi8@51.la,epenricei8,GU0HiDiN
658,dwaycotti9@cnn.com,vallsworthi9,UKqgwO47
659,ihayeria@wix.com,mcourtia,2oTe53
660,wrumbelowib@ucla.edu,bmckerleyib,gR0fPwJ60L
661,ocalltoneic@google.fr,steckic,TB2M8Kz2Y
662,walsoppid@alexa.com,afaithfullid,uX1xOFOy
663,aogilvyie@t-online.de,idaintryie,gMOq1Tuk
664,dlupartiif@ucla.edu,tpillifantif,S2ylDq
665,molnerig@hubpages.com,jsawdonig,Imvye1
666,dambrosettiih@forbes.com,smoverleyih,SSCCsnep
667,dbonifaceii@naver.com,csyrettii,W2c1tZto
668,rjosselsohnij@pbs.org,kferneleyij,omEDpcf
669,zkadarik@psu.edu,gcurtisik,IJyGUina2PS
670,gcristofvaoil@nifty.com,fatkinil,h3uMdqEwf
671,cbaudacciim@weibo.com,ldennisonim,ILb4VAV
672,charbardin@devhub.com,apeartreein,F8qV5qmFV4
673,eharmondio@typepad.com,kklieslio,ocnCZC66Pb
674,bfrugierip@imdb.com,darnotip,o6Dg1WER
675,acolliholeiq@statcounter.com,cchelleyiq,fkrCTZyO5i
676,hjakesir@guardian.co.uk,nackhurstir,TAIQzwT
677,fguestis@trellian.com,phillattis,aOiCDAIT6dO
678,aroddickit@google.com.au,mdanaherit,lH3Lxjzl37Qr
679,phourstaniu@house.gov,gsumersiu,m91KoT
680,mbarrusiv@amazon.de,dempsiv,36MRKH6Mq
681,stapselliw@rakuten.co.jp,fcowmeadowiw,zp2IKr
682,cbentinckix@google.com.au,lcouvesix,VrvKG8lGR
683,bboigiy@mapquest.com,fmanginiy,rjEz0W
684,emarvelliz@newsvine.com,mdarintoniz,voG8jdEXn
685,palenichevj0@typepad.com,gsharkj0,VLQsAFlVen2w
686,abulluckj1@tripadvisor.com,achengj1,6F022Echhs
687,dcockettj2@jimdo.com,shanbyj2,kNVeFFCShei
688,cjaysj3@abc.net.au,dwearnj3,B4MMMYK4XZ
689,bbeethamj4@nih.gov,bfarryanj4,iukKcXf
690,aturvillej5@java.com,ijakubovskij5,3UCioBU
691,bfilesj6@loc.gov,ahenriquetj6,QVCwZdW8ctlz
692,dfranssenj7@youtube.com,rlamacraftj7,9H7meB
693,jmacdermotj8@cbsnews.com,lzanussiij8,bujAoZ5nw
694,ltrembathj9@acquirethisname.com,ceasthamj9,w3nnwZ
695,hlinbohmja@a8.net,bjessardja,J5nkF2kjx
696,hbleslijb@aol.com,abethamjb,XI4DpE1MpV
697,fdubosejc@weather.com,gmingayjc,lxlyOW3NWch4
698,earoninjd@typepad.com,fskillenjd,HtTfeFFV7s5
699,jcastiblancoje@chicagotribune.com,mdawsonje,bhbPMjllw
700,knovicjf@hp.com,ttrevenajf,DSWZhQVsyb1x
701,jwilsteadjg@slideshare.net,nlookerjg,dlWPHexQv6b
702,imccandlessjh@hugedomains.com,estukejh,xW0NjkCmP
703,tmonroji@statcounter.com,mmccereryji,NScYMYa3XFx
704,shabbinjj@barnesandnoble.com,zsimonettojj,h5oOKMlMPLi
705,zjodlowskijk@google.com,ffishleighjk,x0eceOqihCI9
706,candreoujl@wsj.com,dcullefordjl,aPn4OIBkzgJ7
707,mmcdermottjm@marriott.com,cchaferjm,trTjhVSV
708,lleghornjn@wunderground.com,shefferanjn,euGAcUp4Zan
709,csainsjo@google.de,fspittalljo,7NZrwwkXLZvA
710,edesousajp@goo.gl,bsheadjp,UAynsXP2b
711,whullinjq@adobe.com,crudeforthjq,TYkNjaxrKQ9H
712,cbattisonjr@cam.ac.uk,tricketsjr,5hqzEw
713,rspaduccijs@lycos.com,llorainjs,eOg36PY1D
714,mmcgrudderjt@multiply.com,fmattockjt,LLH5400
715,dmirfieldju@squarespace.com,hsmewingju,EjVm59fe
716,dvatinijv@toplist.cz,blarterjv,tUjDMS5P
717,asimnorjw@digg.com,sbericjw,MYgsCqHEVpDG
718,mwoltonjx@buzzfeed.com,mbrammalljx,jIgxLL2
719,cluggjy@theguardian.com,arouchyjy,DMlvcVTxB0
720,ddumpletonjz@vimeo.com,jdedantesiejz,G55f77h0Y2
721,aolorenshawk0@wired.com,pleagask0,y38ELbsCu
722,arappsk1@4shared.com,rstpaulk1,9f8AFlp041h
723,cgallacherk2@wiley.com,cshieldsk2,c4pSN5xFo
724,ealonsok3@exblog.jp,lwhittallk3,qO9uaq38ui
725,bismirnioglouk4@twitter.com,dhuygenk4,Z4e2SO7cNRH
726,nawdek5@furl.net,mllopisk5,6bspm0KMo
727,obattiek6@nifty.com,ldunkerleyk6,N183qDUDvtsb
728,baldcornk7@mozilla.com,ejerochk7,0z7UfDrI8C0
729,sdetocquevillek8@google.pl,rcowpk8,SfMZ6fTu
730,mlyonsk9@topsy.com,hdahlbergk9,52sBn5
731,btimnyka@microsoft.com,kbycraftka,cGLl48qNXrr
732,dbrickhillkb@elegantthemes.com,tklessekb,oh7KOz7PVTM
733,eshalcraskc@mac.com,lkilbournekc,zRTGVhFKWya
734,ifoggartykd@multiply.com,lcarringtonkd,WJSZ6J0WH2O
735,mchatenierke@plala.or.jp,lcaneteke,i1TRHqyFt
736,vsambedgekf@abc.net.au,mknightkf,pdtRXXLd0
737,tortegakg@fc2.com,cfallakg,gNtAHJ2HLB
738,tbingkh@themeforest.net,skenneakh,0WZ8M6ok4ZlO
739,gletterickki@merriam-webster.com,rgeerki,oIjUf2T9lr4
740,lskellskj@cdbaby.com,eelwelkj,j68KIS
741,naugustkk@de.vu,cholyardkk,Vi1NdARz
742,hgartinkl@census.gov,rhambridgekl,nB3pA2fX0
743,ktevelovkm@woothemes.com,atorelkm,d0gXVlE
744,gcarmodykn@tumblr.com,vworcskn,SZsgidar6
745,kjeckellko@canalblog.com,cbaksterko,kOOyeqr8yWT1
746,cbrockelsbykp@dedecms.com,cbartaluccikp,mJpPhENPB9
747,dallisonkq@google.com.au,khellicarkq,92IIIWkTo
748,wshellumkr@apple.com,lhanneykr,ZLTR28TCMJ
749,grorkeks@gizmodo.com,atudballks,Qf24OUk
750,whaibelkt@topsy.com,rdavsonkt,54ynx7
751,mjanoschekku@w3.org,ffoysterku,2Ch1uav
752,tcornwellkv@simplemachines.org,mcassonkv,TCoXOzNE
753,rpennkw@i2i.jp,astampskw,dfY0E4XJ
754,sparsleykx@jugem.jp,rpouckkx,EgublAbN
755,mcroxonky@ning.com,kpoundsfordky,bqi95z0
756,fplevinkz@webmd.com,glampittkz,5YbJCWdBN1v
757,glecountl0@ow.ly,tguarel0,AF8c7k
758,nrebertl1@archive.org,mbrittlel1,xsXBcfxyw
759,gmapletoftl2@dedecms.com,rtroyl2,0bt5zW4gYg0s
760,fbeardsalll3@lulu.com,joneall3,ul9tX2BxTAd
761,chalfhydel4@army.mil,gdrippl4,EZvRgfRdX
762,dklimkowskil5@businessinsider.com,lfitzsymondsl5,DjZMJkGJGl10
763,mhushl6@ucsd.edu,dbeacheml6,L6WVCtCZGp
764,lvondrakl7@icio.us,swinsperl7,yeBLeH9jagh
765,fzoellnerl8@independent.co.uk,ccanhaml8,zzlzPX19
766,cjenkinsl9@oaic.gov.au,vcarnalanl9,D55BdXo
767,wwinchcumla@huffingtonpost.com,obonseyla,kmWj09Vc
768,lbeatonlb@gizmodo.com,mterneylb,et7rA6
769,ndowtrylc@spiegel.de,stolchardlc,hkFImCM
770,sklawild@so-net.ne.jp,pboutellld,qfxvflP
771,wsticklandle@china.com.cn,jbloisle,hy8OirMthvgs
772,acawtheraylf@weebly.com,mcostelloelf,om1yxXrQi0
773,bparidgelg@nba.com,bhodcroftlg,r4N0qCK7a4l
774,ssowleylh@last.fm,bkosellh,ME37bubAh
775,nkoenenli@php.net,mcatfordli,KJHD6E
776,clipproselj@webmd.com,mgrimsdalelj,03FYQLBC
777,cmandrakelk@mapy.cz,efinchamlk,UCgvXH1
778,gkierll@g.co,kchiecoll,UB7cTC
779,akitsonlm@engadget.com,fduchartlm,UtOFkC
780,gcornallln@wp.com,ewoodsfordln,JvuIy2
781,zanelaylo@msn.com,amckertonlo,KGFiVwNS
782,bkarczinskilp@list-manage.com,hbrasseurlp,GlkvqGE99NX
783,hlovelocklq@marriott.com,jblaislq,CBiSL9J429
784,cniesinglr@admin.ch,dlyddyardlr,RF2cDGB1LQk
785,toclovanls@netscape.com,blopesls,kweTuW16N
786,bpielelt@cdc.gov,jfrankenlt,bLayrDSDx1
787,sgethinslu@mapquest.com,nnoquetlu,g92VzwP
788,ofeakelv@yelp.com,zingolottilv,YMWPxLP8
789,wkellenlw@dell.com,ryushachkovlw,GqztpMR
790,mnilleslx@indiatimes.com,rgrassilx,wTflBDri
791,hsichardtly@sakura.ne.jp,ebetjemanly,n1OJi7hgSV
792,npargeterlz@yolasite.com,aannandlz,SeQBR5kdf
793,gmcquillanm0@ebay.co.uk,ssarsonm0,BUgBaw
794,wlatorem1@va.gov,sjullm1,mkv3ZHhdT9yp
795,gmcnalleym2@ucla.edu,wbruckerm2,1nbLJwdLdL
796,bbjerkanm3@tamu.edu,cmonginm3,FhOaN19Xx
797,jwigzellm4@youtu.be,jtrattonm4,pl2VX5Mw
798,mwileym5@google.it,kgrogonam5,sJPV9RU
799,bbirchettm6@clickbank.net,blanbertonim6,un5qkm
800,slererm7@answers.com,ebestmanm7,amYEmhf46w8
801,dlinggardm8@oakley.com,ttalmadgem8,yZ7xJy37U
802,tskellingtonm9@vistaprint.com,whaffendenm9,ryCk5qBXa
803,kmitkovma@theatlantic.com,brisenma,YqnGedb
804,lberardtmb@nbcnews.com,fmabbottmb,KU8gXTf9
805,aspouremc@histats.com,hgawthorpmc,YKCbBeUW
806,vsleenymd@ted.com,agooseymd,zDMn5NJ9hM
807,tcomstyme@mlb.com,hgerhartzme,ha6qZBn
808,misackemf@angelfire.com,gbautistemf,CO1MNMDJw
809,athompkinsmg@cbc.ca,mdaviddimg,C2lTBtEU
810,csicklingmh@reuters.com,czukiermanmh,djuDW373
811,carpemi@techcrunch.com,ebenitezmi,vJbMHYzUVO
812,aglindemj@sitemeter.com,chernikmj,VhLcRBjE3
813,rdezamudiomk@gizmodo.com,rmcilrathmk,3CA0APrJ
814,lconnettml@un.org,hjulianoml,EJTDujXY
815,jsodenmm@va.gov,dwillmontmm,MlWh6aK2
816,amixmn@sina.com.cn,cmephanmn,Ahu8pb
817,sverrillmo@gnu.org,nchardmo,6nWItCXG5a17
818,buttridgemp@ovh.net,shebardmp,GSjTGJ3gpqaG
819,sgarhammq@gov.uk,amontrosemq,ZUdedMSnR2
820,pkittredgemr@phoca.cz,vsmewinmr,qNGnCqMyWV
821,mrumensms@earthlink.net,vstientonms,MrZrdWZvxO
822,lgradleymt@t.co,agookmt,EuzUc6Z6w
823,dtabermu@feedburner.com,cpopplestonemu,DfRSfFoCQdZ
824,dheadsmv@qq.com,bgemsonmv,EM4sdqGa
825,mschwiesomw@list-manage.com,okubeckamw,S9UupTa
826,lpostlemx@chronoengine.com,horrockmx,HeSMRa6yiFe
827,sgwillymmy@china.com.cn,boddemy,134j3g
828,lgerrellmz@cocolog-nifty.com,dbetterissmz,W4TuSiMxk
829,voakebyn0@hhs.gov,scromblehomen0,FZbzUfSCI6
830,sdugglebyn1@vk.com,omcrinnn1,A7JPLNgZ8
831,tgilderoyn2@latimes.com,sfilippazzon2,G9kM86OME
832,glohann3@tripod.com,kdogn3,UWmvYbjD
833,lpapierzn4@discuz.net,afarrisn4,Z9XypwqQ
834,cwithefordn5@wunderground.com,adenizetn5,oMoNOM
835,skubiakn6@cbc.ca,wbatteyn6,NJV3BeQuS6p
836,dcastelotn7@twitter.com,shuddlestonen7,duXuZlv5
837,chardwidgen8@a8.net,ckunklern8,MHNoQ3Mv0URD
838,fmogridgen9@soup.io,vdrainsn9,vlbxd2W1ho
839,mrubinowitschna@weibo.com,bormistonena,G4rXxjg3HzeH
840,jseckingtonnb@adobe.com,lbraidnb,KazWYkavL
841,stesmondnc@webeden.co.uk,bstrangewaysnc,L30Y5nzJXyn
842,aseverwrightnd@ameblo.jp,apinand,mhYYw5j
843,csibrayne@sphinn.com,sfinkerne,zAOt41
844,mhabbemanf@reverbnation.com,gminuccinf,BThl2sM
845,kgilletng@upenn.edu,echaterng,zdKGFM7w
846,fdenyernh@exblog.jp,yfyndonnh,M77VQb
847,jmaiklemni@clickbank.net,kbratleyni,KOsG1WDy
848,landreopolosnj@nasa.gov,whackforthnj,X2azpg7Qc
849,jbeldhamnk@loc.gov,mcatterollnk,RbwPxd2DOWB
850,ndenenl@a8.net,vianettinl,yDzzOLmMVpq
851,vdruittnm@parallels.com,epetchnm,6PuyRV7T
852,eroderigonn@qq.com,rscarsbrookenn,Moy7qdBhB
853,cgonnetno@uiuc.edu,zkeamno,BCAKhDXOF
854,chucklenp@booking.com,dpelcheurnp,z2zZZF5OO
855,eartingstallnq@cdbaby.com,mshortenq,lp4Yhk
856,htaplinnr@cdc.gov,hhanwellnr,zGcaZu6i
857,kbeharrellns@posterous.com,gcoffeyns,ht7JTsOAX
858,arobardleynt@360.cn,jgerhtsnt,jpkW6mCOptt6
859,crountreenu@wired.com,ebriggnu,aZLrYl
860,etomsnv@ihg.com,ehancenv,x1CZei
861,brappsnw@engadget.com,esteelenw,XqrcK5X
862,rgulcnx@webs.com,ageocklenx,efhy6ktndB
863,ddevaneyny@mashable.com,hjacombsny,cmJCjUnvN7P
864,swetwoodnz@sciencedirect.com,cmationnz,ylPwCTyr
865,mumplebyo0@last.fm,hskoughmano0,5qmmvfu
866,rluchettio1@house.gov,fjachtymo1,bhfawOWncBx
867,bblundono2@economist.com,bgudgero2,iXCiASEW1
868,eauselloo3@dagondesign.com,yduranto3,1gLujzQdHTem
869,ldingleo4@nature.com,kgannono4,V60uzT
870,ahadlingtono5@fotki.com,lcrowcumo5,vtinv8xWb
871,jthoulesso6@tripod.com,dblackborneo6,0cQ9dT
872,mmccloryo7@liveinternet.ru,oseyfferto7,sB7tSq1v
873,bsouteno8@topsy.com,xshipmano8,GblBbOXQlCa
874,sroseto9@mapy.cz,hglassoppo9,XnQ4d0M8p
875,bparhamoa@businessinsider.com,mrobartoa,uQFmudzAok1B
876,swebbornob@cdbaby.com,ebeadhamob,baFNwhXiV
877,bgawoc@walmart.com,setuckoc,3Fj2asiUg1w
878,dpatesod@behance.net,iwolferod,sinVXH
879,dcastilljooe@wikimedia.org,kgarralsoe,pdq1v3YGs
880,smorebyof@naver.com,jhemmingwayof,YlBUji38GR
881,filsleyog@taobao.com,nkrolleog,MpAVvZtNsqZ
882,sberroh@wisc.edu,cfredioh,4gQPqFbvL
883,dgrattenoi@t.co,aarmstrongoi,AwIArthtu
884,dludloj@comsenz.com,hwiddicombeoj,e772t9C
885,kbourrelok@networksolutions.com,bbootesok,WghSrVnl
886,phanlinol@taobao.com,flimerol,GWoEXnPf
887,mschermickom@washingtonpost.com,ameeseom,szPIvz
888,rnelthorpeon@nba.com,mdauneyon,Fa0pbp5s7
889,rvreibergoo@fastcompany.com,vmacaneoo,8z63HUSty9k
890,rkinnerleyop@people.com.cn,jkildahlop,pwZeXG
891,ccarrivickoq@wunderground.com,dmenlowoq,2yz91nipe
892,billsleyor@biblegateway.com,jtillertonor,1UDSBvHd8yJw
893,bhumpherstonos@shareasale.com,svateros,JU7Up5kvpjgO
894,bmatchittot@lycos.com,lrisbridgerot,U7OWhCF9
895,wlaceyou@cdc.gov,kbartosou,O6HElud9f
896,dbyramov@unc.edu,fmarlerov,HYDSU6E
897,ghansonow@mozilla.org,twarrenow,EumWa6
898,ljerdanox@ebay.co.uk,rbuckthorpeox,i5ywmY
899,aafonsooy@nhs.uk,mpetfordoy,uzvsUI70
900,lklaggeoz@constantcontact.com,rsalkildoz,Qt2CY5G5Cja
901,iwedmorep0@about.com,amepstedp0,YTQHAFkeNu
902,kgustickep1@xrea.com,spinkstonep1,ApTabb
903,bgallyp2@dropbox.com,mclevelyp2,72jSwMG
904,vdanovichp3@rakuten.co.jp,hkinkaidp3,okk8sNzTA3WL
905,aelcocksp4@blogger.com,fmitchelmorep4,556oqM8O7
906,slamanbyp5@yahoo.co.jp,tfoottitp5,b7mJpmNM
907,mwolledgep6@google.co.uk,jrudolphp6,jwYEXzOsAyT
908,atissingtonp7@skype.com,olipmanp7,WR8wdm
909,dfardop8@alibaba.com,khanafordp8,3i2qjh
910,nsnibsonp9@jalbum.net,sdudeniep9,KwkaAa
911,mjindrapa@aol.com,lateggartpa,QbtvNJt
912,bwardroppb@reference.com,ethemannpb,t0z2jPUu2
913,cgerradpc@bigcartel.com,edassindalepc,7wCzSYNLa
914,ikerranepd@diigo.com,lollandpd,DdXrH0vE
915,wgoundrype@kickstarter.com,mdefontpe,brKl4bWj
916,acarmodypf@foxnews.com,adisbreypf,zNB1yJXwpmkI
917,mabrahmerpg@yellowbook.com,mrevelypg,4eUAJOqsP
918,erosendorfph@dell.com,hmanclarkph,iO1cIIdYG19
919,tgwylltpi@ustream.tv,dadamollipi,pnfNRXq
920,mpawlynpj@stumbleupon.com,ugeertjepj,n0ADHNQCN
921,ksunnerpk@admin.ch,mriddellpk,Dtq8an8ild
922,ooswellpl@eepurl.com,pbumfordpl,w9q0xegSQpKp
923,nstollenbergpm@upenn.edu,jtickelpm,7bNpJoPDF
924,hoconnellpn@trellian.com,ldodimeadpn,V4aEQHswQEV5
925,aperuttopo@shareasale.com,fmacbreartypo,ECiH4up7
926,aswangerpp@arstechnica.com,vcoopepp,EOcb1v
927,clafuentepq@foxnews.com,wmccoughanpq,K1jlfbwsAa
928,sgroganpr@facebook.com,fbrydellpr,znBUyhyT
929,btejerops@multiply.com,dmillanps,BVeB2OWRYN
930,saveypt@over-blog.com,iambruspt,IZ3g0lPAqah
931,amcilrathpu@nationalgeographic.com,mdockreepu,FB9GCaUluuJ
932,aleathampv@cocolog-nifty.com,dnealandpv,Z3NYZn4GeY
933,qbenjafieldpw@harvard.edu,rherrerospw,4PNs78RO7El
934,stiepx@biblegateway.com,togleviepx,mXFyQlwW2
935,cmicopy@amazonaws.com,fbypy,OGcU9wIsrQ2
936,bmacallenpz@oakley.com,bwoodfinpz,wUzocbicBq
937,werwinq0@apple.com,keastesq0,NtLWb4THe
938,dsandwickq1@bloomberg.com,jsheedq1,bwqSrjkqQV
939,kcoombeq2@youtube.com,fantonettiq2,AepatHlTO
940,dbradneckq3@addthis.com,tsallyq3,stiZu5Y
941,lserotq4@wiley.com,fpurchaseq4,3z2FiMxu
942,acastanoneq5@histats.com,dbrontq5,HQL4ef3VqisW
943,ymccarlq6@prweb.com,dbacklerq6,4KDPYA
944,egradyq7@constantcontact.com,twilgarq7,e9FJ1P5PhL
945,cogavenq8@blogger.com,gpowerq8,5rEdMcuOB
946,mgullefordq9@businesswire.com,lsullerq9,RPpqZbJqq
947,tcumingqa@xinhuanet.com,pdightqa,6HLGaHVQGC
948,ggodlyqb@typepad.com,eantonchikqb,ars0KybvrfVh
949,gdeackesqc@seattletimes.com,fdegouyqc,L7NvCHT2nXBr
950,crewcastleqd@wp.com,tcornhillqd,dhb9RntsI
951,zgallandqe@bloglovin.com,mbortolomeiqe,4eJfC5zLmH
952,socrevyqf@mac.com,mvanniekerkqf,4PX2cmHphg8P
953,cwyllcockqg@flavors.me,mguwerqg,mL4yo72d4rY
954,rhuggensqh@wufoo.com,imachonqh,3GVrFjf
955,ajirzikqi@who.int,tilyinskiqi,K6HpXeZG2Q
956,kyurshevqj@dropbox.com,wchittleburghqj,efsDiD
957,gdonkeqk@timesonline.co.uk,bauthersqk,XbcMMqtnG
958,bcordsenql@facebook.com,ghumpheryql,anv16WWP4H
959,eraundsqm@xing.com,ikynastonqm,m4vdjYWuHQQX
960,celmanqn@archive.org,cbishellqn,lrsS4s0
961,dyurukhinqo@constantcontact.com,baldwichqo,a8XoobIF7O
962,tbrosekeqp@studiopress.com,ckienleqp,QXylXlXih74
963,dscattergoodqq@harvard.edu,jblenkinsopqq,pIa0dwxcBy
964,rchittieqr@dion.ne.jp,veynonqr,AiRCqRBDDkZ
965,slaiteqs@ask.com,nhearonqs,jjKWWelLihV
966,holdmanqt@ustream.tv,jporkissqt,bd1EqOayQT7e
967,mharmerqu@cisco.com,ktasselerqu,ZsftnTx
968,hcookneyqv@fc2.com,wbeininckqv,5JCF9O
969,jhaggerstonqw@reuters.com,bwhithornqw,C1hcBh6Lkzp
970,wgirardezqx@cnn.com,earnelyqx,WmCdejXBV7EB
971,bstringerqy@timesonline.co.uk,lhatliffeqy,pFgeOB4fcDz
972,bdanielsenqz@pen.io,nrannellsqz,CpL5VMv
973,hpenimanr0@amazonaws.com,swhiskinr0,Ll5N2RKLAs
974,mshreevesr1@moonfruit.com,fkelsallr1,x54o1gBttar
975,qmillardr2@google.ca,tarmigerr2,USvEInZb
976,nkittowr3@delicious.com,smallockr3,8LJCdSiFVm
977,ddellor4@jugem.jp,gbiswellr4,ujwLu8dRc
978,cchastandr5@ehow.com,dmowlamr5,78zmcdICVP0V
979,dhastlerr6@oaic.gov.au,jflindersr6,q1XGlVD
980,tkentishr7@facebook.com,cwindressr7,7ElIwAK
981,erajchertr8@scribd.com,wjiruchr8,GNRJRlKvVC
982,cdobrovskyr9@nydailynews.com,hbuttenr9,hNyqTpz
983,mseawellra@ihg.com,aolonera,feibBx8Go6i2
984,latterrb@creativecommons.org,slowtenrb,VccfKCtr7zx4
985,lmcmenamierc@quantcast.com,swhittekrc,8hGMEt3BcWUX
986,ewalczakrd@meetup.com,jbartlesrd,lOu167Z
987,hhaggathre@netvibes.com,bcorbyre,Q7wsSK
988,lvelterf@hhs.gov,ltullettrf,KN3K4fRY0vp
989,kfahrenbacherrg@lulu.com,cdebruynerg,hMWjlnLN
990,aboarrh@51.la,rlabonrh,oLo9LlVL6SHP
991,cduiganri@myspace.com,fgoodbairnri,qkPgiOFjCJa
992,fcejkarj@angelfire.com,awyethrj,BnKt7z0bR
993,ewarrenerrk@scientificamerican.com,papplebeerk,EMIJsK
994,blaingmaidrl@alibaba.com,hleysonrl,972LGy9z5xYY
995,edumiganrm@ebay.com,eedinbororm,VJZBqkih
996,dpattemorern@lycos.com,jigorn,nWUtxyFC7kd
997,emalinsro@clickbank.net,kianinottiro,3CbugP9ZR
998,lmcveaghrp@examiner.com,ehalbeardrp,KiKJH5Y8
999,mwoollheadrq@webs.com,smalitrottrq,DhMoAku4
1000,lmacronaldrr@oracle.com,cfavellrr,KpMmcl